{
    "runner": {
        "version": 1,
        "gameLanguageRegKey": "SOFTWARE\\WOW6432Node\\Electronic Arts\\EA Games\\Command and Conquer Generals Zero Hour:Language",
        "gameInstallRegKey": "SOFTWARE\\WOW6432Node\\Electronic Arts\\EA Games\\Command and Conquer Generals Zero Hour:InstallPath",
        "gameInstallPath": "",
        "gameExeFile": "generals.exe",
        "gameExeArgs": {
            "-win": "",
            "-quickstart": ""
        },
        "relevantGameDataFileTypes": [
            "ani",
            "big",
            "bik",
            "bmp",
            "csf",
            "dds",
            "ini",
            "map",
            "mp3",
            "pso",
            "scb",
            "str",
            "tga",
            "wak",
            "w3d",
            "wav",
            "wnd",
            "vso"
        ],
        "regularGameDataFiles": [
            "Data/Cursors/*.ani",
            "Data/**/*.bik",
            "Data/Scripts/MultiplayerScripts.scb",
            "Data/Scripts/Scripts.ini",
            "Data/Scripts/SkirmishScripts.scb",
            "Data/WaterPlane/*.tga",
            "Audio.big",
            "AudioZH.big",
            "AudioBrazilian.big",
            "AudioBrazilianZH.big",
            "AudioChinese.big",
            "AudioChineseZH.big",
            "AudioEnglish.big",
            "AudioEnglishZH.big",
            "AudioFrench.big",
            "AudioFrenchZH.big",
            "AudioGerman.big",
            "AudioGermanZH.big",
            "AudioItalian.big",
            "AudioItalianZH.big",
            "AudioKorean.big",
            "AudioKoreanZH.big",
            "AudioPolish.big",
            "AudioPolishZH.big",
            "AudioSpanish.big",
            "AudioSpanishZH.big",
            "gensec.big",
            "GensecZH.big",
            "INI.big",
            "INIZH.big",
            "Install_Final.bmp",
            "launcher.bmp",
            "maps.big",
            "MapsZH.big",
            "Music.big",
            "MusicZH.big",
            "Patch.big",
            "PatchZH.big",
            "shaders.big",
            "ShadersZH.big",
            "Brazilian.big",
            "BrazilianZH.big",
            "Chinese.big",
            "ChineseZH.big",
            "English.big",
            "EnglishZH.big",
            "French.big",
            "FrenchZH.big",
            "German.big",
            "GermanZH.big",
            "Italian.big",
            "ItalianZH.big",
            "Korean.big",
            "KoreanZH.big",
            "Polish.big",
            "PolishZH.big",
            "Spanish.big",
            "SpanishZH.big",
            "Speech.big",
            "SpeechZH.big",
            "SpeechBrazilian.big",
            "SpeechBrazilianZH.big",
            "SpeechChinese.big",
            "SpeechChineseZH.big",
            "SpeechEnglish.big",
            "SpeechEnglishZH.big",
            "SpeechFrench.big",
            "SpeechFrenchZH.big",
            "SpeechGerman.big",
            "SpeechGermanZH.big",
            "SpeechItalian.big",
            "SpeechItalianZH.big",
            "SpeechKorean.big",
            "SpeechKoreanZH.big",
            "SpeechPolish.big",
            "SpeechPolishZH.big",
            "SpeechSpanish.big",
            "SpeechSpanishZH.big",
            "Terrain.big",
            "TerrainZH.big",
            "Textures.big",
            "TexturesZH.big",
            "W3D.big",
            "W3DZH.big",
            "W3DBrazilianZH.big",
            "W3DChineseZH.big",
            "W3DEnglishZH.big",
            "W3DFrenchZH.big",
            "W3DGermanZH.big",
            "W3DItalianZH.big",
            "W3DKoreanZH.big",
            "W3DPolishZH.big",
            "W3DSpanishZH.big",
            "Window.big",
            "WindowZH.big"
        ]
    }
}